,Link,Posting Date,vacant_form,vacant_till
0,,,,
1,https://housinganywhere.com/de/s/M%C3%BCnchen--Deutschland/wg-zimmer?utm_source=wg-gesucht&utm_medium=affiliate&affiliate_partner_id=32473&utm_campaign=top-placement&utm_content=munich&utm_term=website,19.10.2022,20.10.2022,"

"
2,https://www.wg-gesucht.de/wg-zimmer-in-Munchen-Altstadt-Lehel.9460367.html,19.10.2022,01.11.2022,"

"
3,https://www.wg-gesucht.de/wg-zimmer-in-Munchen-Sendling.9675813.html,19.10.2022,18.10.2022,"01.06.2023

"
4,https://www.wg-gesucht.de/1-zimmer-wohnungen-in-Munchen-Schwabing-West.9688100.html,19.10.2022,31.10.2022,"01.12.2023

"
5,https://www.wg-gesucht.de/wg-zimmer-in-Munchen-Schwabing-West.9590138.html,19.10.2022,20.10.2022,"

"
6,https://www.wg-gesucht.de/wg-zimmer-in-Munchen-Untergiesing-Harlaching.9140924.html,19.10.2022,19.10.2022,"

"
7,https://www.wg-gesucht.de/wg-zimmer-in-Munchen-Schwabing.6826005.html,19.10.2022,01.12.2022,"

"
8,https://www.wg-gesucht.de/wg-zimmer-in-Munchen-Moosach.9686365.html,19.10.2022,31.10.2022,"31.12.2022

"
9,https://www.wg-gesucht.de/wg-zimmer-in-Munchen-Schwabing-Freimann.5058099.html,19.10.2022,27.11.2022,"

"
10,https://www.wg-gesucht.de/wohnungen-in-Munchen-Sendling.9682382.html,18.10.2022,01.11.2022,"

"
11,https://www.wg-gesucht.de/wg-zimmer-in-Munchen-Laim.9666412.html,18.10.2022,01.11.2022,"

"
12,https://www.wg-gesucht.de/wg-zimmer-in-Munchen-Sendling.9654202.html,18.10.2022,01.11.2022,"

"
13,https://www.wg-gesucht.de/wg-zimmer-in-Munchen-Bernried.5365264.html,18.10.2022,18.10.2022,"15.10.2023

"
14,https://www.wg-gesucht.de/wg-zimmer-in-Munchen-Ramersdorf-Perlach.7396445.html,18.10.2022,31.10.2022,"

"
15,https://www.wg-gesucht.de/wg-zimmer-in-Munchen-Berg-am-Laim.9586399.html,18.10.2022,01.11.2022,"31.05.2023

"
16,https://www.wg-gesucht.de/wg-zimmer-in-Munchen-Schwanthalerhoehe.9523604.html,18.10.2022,07.11.2022,"27.11.2022

"
17,https://www.wg-gesucht.de/wg-zimmer-in-Munchen-Schwanthalerhoehe.7940912.html,18.10.2022,01.11.2022,"

"
18,https://www.wg-gesucht.de/wohnungen-in-Munchen-Au-Haidhausen.9687874.html,18.10.2022,01.11.2022,"15.12.2022

"
19,https://www.wg-gesucht.de/wg-zimmer-in-Munchen-Neuhausen-Nymphenburg.6708058.html,18.10.2022,18.10.2022,"30.11.2022

"
20,https://www.wg-gesucht.de/wg-zimmer-in-Munchen-Moosach.4880504.html,18.10.2022,01.11.2022,"31.12.2024

"
21,https://www.wg-gesucht.de/wg-zimmer-in-Munchen-Munchen.9687904.html,18.10.2022,20.10.2022,"03.11.2022

"
22,https://housinganywhere.com/de/s/M%C3%BCnchen--Deutschland/wg-zimmer?utm_source=wg-gesucht&utm_medium=affiliate&affiliate_partner_id=32473&utm_campaign=top-placement&utm_content=munich&utm_term=website,19.10.2022,20.10.2022,"

"
23,https://www.wg-gesucht.de/wg-zimmer-in-Munchen-Neuhausen-Nymphenburg.7722335.html,18.10.2022,20.10.2022,"

"
24,https://www.wg-gesucht.de/1-zimmer-wohnungen-in-Munchen-Maxvorstadt.7764098.html,18.10.2022,26.10.2022,"05.11.2022

"
25,https://www.wg-gesucht.de/wg-zimmer-in-Munchen-Wer-die-Zugspitze-mit-See-gleichz-sehen-moechte-u-.5406878.html,18.10.2022,18.10.2022,"15.10.2023

"
26,https://www.wg-gesucht.de/wg-zimmer-in-Munchen-Glockenbachviertel.9474002.html,18.10.2022,01.11.2022,"

"
27,https://www.wg-gesucht.de/wg-zimmer-in-Munchen-Pasing-Obermenzing.9681633.html,18.10.2022,01.11.2022,"01.12.2023

"
28,https://www.wg-gesucht.de/1-zimmer-wohnungen-in-Munchen-Bogenhausen.9687389.html,18.10.2022,26.12.2022,"31.03.2023

"
29,https://www.wg-gesucht.de/wohnungen-in-Munchen-Sendling.4279222.html,18.10.2022,01.11.2022,"

"
30,https://www.wg-gesucht.de/wg-zimmer-in-Munchen-Neuhausen-Nymphenburg.9677433.html,18.10.2022,01.11.2022,"

"
31,https://www.wg-gesucht.de/wg-zimmer-in-Munchen-Westend.9677070.html,18.10.2022,01.01.2023,"01.03.2023

"
32,https://www.wg-gesucht.de/1-zimmer-wohnungen-in-Munchen-Ludwigsvorstadt-Isarvorstadt.9554902.html,18.10.2022,23.11.2022,"24.12.2022

"
33,https://www.wg-gesucht.de/wohnungen-in-Munchen-Sendling-Westpark.9685033.html,18.10.2022,01.11.2022,"

"
34,https://www.wg-gesucht.de/1-zimmer-wohnungen-in-Munchen-Bogenhausen.9687714.html,18.10.2022,01.12.2022,"01.12.2023

"
35,https://www.wg-gesucht.de/wg-zimmer-in-Munchen-Neuhausen-Nymphenburg.9682363.html,18.10.2022,01.11.2022,"

"
36,https://www.wg-gesucht.de/wg-zimmer-in-Munchen-Sendling-Westpark.9678469.html,18.10.2022,18.10.2022,"

"
37,https://www.wg-gesucht.de/wohnungen-in-Munchen-Schwabing-West.9687763.html,18.10.2022,01.11.2022,"15.04.2023

"
38,https://www.wg-gesucht.de/wg-zimmer-in-Munchen-Allach-Untermenzing.9687735.html,18.10.2022,01.11.2022,"

"
39,https://www.wg-gesucht.de/wg-zimmer-in-Munchen-Milbertshofen-Am-Hart.9687746.html,18.10.2022,01.11.2022,"

"
40,https://www.wg-gesucht.de/wg-zimmer-in-Munchen-Hadern.5567421.html,18.10.2022,01.01.2023,"30.06.2023

"
41,https://www.wg-gesucht.de/wg-zimmer-in-Munchen-Feldmoching-Hasenbergl.9629391.html,18.10.2022,08.10.2022,"

"
42,https://www.wg-gesucht.de/wg-zimmer-in-Munchen-Feldmoching-Hasenbergl.9211013.html,18.10.2022,08.10.2022,"

"
43,https://housinganywhere.com/de/s/M%C3%BCnchen--Deutschland/wg-zimmer?utm_source=wg-gesucht&utm_medium=affiliate&affiliate_partner_id=32473&utm_campaign=top-placement&utm_content=munich&utm_term=website,19.10.2022,20.10.2022,"

"
44,https://www.wg-gesucht.de/wg-zimmer-in-Munchen-Au-Haidhausen.7360837.html,18.10.2022,03.11.2022,"28.02.2023

"
45,https://www.wg-gesucht.de/wg-zimmer-in-Munchen-Munchen.9687752.html,18.10.2022,31.10.2022,"

"
46,https://www.wg-gesucht.de/wg-zimmer-in-Munchen-Hadern.8766820.html,18.10.2022,01.11.2022,"

"
47,https://www.wg-gesucht.de/wg-zimmer-in-Munchen-Hadern.7752995.html,18.10.2022,01.11.2022,"

"
48,https://www.wg-gesucht.de/wg-zimmer-in-Munchen-Sendling.9087142.html,18.10.2022,01.02.2023,"

"
49,https://www.wg-gesucht.de/wg-zimmer-in-Munchen-Schwabing-West.9679724.html,18.10.2022,01.11.2022,"

"
50,https://www.wg-gesucht.de/1-zimmer-wohnungen-in-Munchen-Schwabing-West.8614871.html,18.10.2022,01.11.2022,"30.04.2023

"
51,https://www.wg-gesucht.de/wg-zimmer-in-Munchen-Ludwigsvorstadt-Isarvorstadt.9687518.html,18.10.2022,01.11.2022,"

"
52,https://www.wg-gesucht.de/wg-zimmer-in-Munchen-Au-Haidhausen.9687630.html,18.10.2022,01.12.2022,"

"
53,https://www.wg-gesucht.de/wg-zimmer-in-Munchen-Pasing-Obermenzing.7373767.html,18.10.2022,18.10.2022,"

"
54,https://www.wg-gesucht.de/wg-zimmer-in-Munchen-Laim.8502220.html,18.10.2022,01.11.2022,"01.12.2022

"
55,https://www.wg-gesucht.de/wohnungen-in-Munchen-Thalkirchen-Obersendling-Forstenried-Furstenried-S.9662275.html,18.10.2022,15.12.2022,"31.03.2023

"
56,https://www.wg-gesucht.de/wg-zimmer-in-Munchen-Trudering-Riem.8528938.html,18.10.2022,01.01.2023,"

"
57,https://www.wg-gesucht.de/wg-zimmer-in-Munchen-Trudering-Riem.6037468.html,18.10.2022,01.01.2023,"31.12.2023

"
58,https://www.wg-gesucht.de/wg-zimmer-in-Munchen-Giesing.9668449.html,18.10.2022,18.10.2022,"

"
59,https://www.wg-gesucht.de/wg-zimmer-in-Munchen-Trudering-Riem.6412493.html,18.10.2022,01.12.2022,"31.12.2023

"
60,https://www.wg-gesucht.de/wg-zimmer-in-Munchen-Trudering-Riem.7970902.html,18.10.2022,01.02.2023,"31.12.2023

"
61,https://www.wg-gesucht.de/wg-zimmer-in-Munchen-Thalkirchen-Obersendling-Forstenried-Furstenried-S.8089391.html,18.10.2022,23.10.2022,"

"
62,https://www.wg-gesucht.de/wg-zimmer-in-Munchen-Thalkirchen-Obersendling-Forstenried-Furstenried-S.7101406.html,18.10.2022,23.10.2022,"

"
63,https://www.wg-gesucht.de/wg-zimmer-in-Munchen-Trudering-Riem.8474413.html,18.10.2022,01.02.2023,"31.12.2023

"
64,https://housinganywhere.com/de/s/M%C3%BCnchen--Deutschland/wg-zimmer?utm_source=wg-gesucht&utm_medium=affiliate&affiliate_partner_id=32473&utm_campaign=top-placement&utm_content=munich&utm_term=website,19.10.2022,20.10.2022,"

"
65,https://www.wg-gesucht.de/wg-zimmer-in-Munchen-Trudering-Riem.8097437.html,18.10.2022,01.11.2022,"

"
66,https://www.wg-gesucht.de/wg-zimmer-in-Munchen-Neuhausen-Nymphenburg.9380779.html,18.10.2022,01.11.2022,"31.01.2024

"
67,https://www.wg-gesucht.de/wg-zimmer-in-Munchen-Maxvorstadt.5260744.html,18.10.2022,09.10.2022,"

"
68,https://www.wg-gesucht.de/1-zimmer-wohnungen-in-Munchen-Sendling.9678795.html,18.10.2022,03.11.2022,"28.11.2022

"
69,https://www.wg-gesucht.de/wg-zimmer-in-Munchen-Schwabing-West.6600418.html,18.10.2022,01.12.2022,"

"
70,https://www.wg-gesucht.de/wg-zimmer-in-Munchen-Schwanthalerhoehe.8707647.html,18.10.2022,01.12.2022,"

"
71,https://www.wg-gesucht.de/wg-zimmer-in-Munchen-Obergiesing-Fasangarten.7121424.html,18.10.2022,20.11.2022,"

"
72,https://www.wg-gesucht.de/wg-zimmer-in-Munchen-Altstadt-Lehel.9103838.html,18.10.2022,01.11.2022,"30.11.2022

"
73,https://www.wg-gesucht.de/wg-zimmer-in-Munchen-Pasing-Obermenzing.9687185.html,18.10.2022,01.12.2022,"04.04.2025

"
74,https://www.wg-gesucht.de/wg-zimmer-in-Munchen-Schwabing.9611429.html,18.10.2022,01.12.2022,"31.08.2026

"
75,https://www.wg-gesucht.de/wg-zimmer-in-Munchen-Trudering-Riem.9674094.html,18.10.2022,01.12.2022,"

"
76,https://www.wg-gesucht.de/wg-zimmer-in-Munchen-Trudering-Riem.9687532.html,18.10.2022,01.11.2022,"

"
77,https://www.wg-gesucht.de/wg-zimmer-in-Munchen-Allach-Untermenzing.9687530.html,18.10.2022,01.11.2022,"

"
78,https://www.wg-gesucht.de/wg-zimmer-in-Munchen-Pasing-Obermenzing.9300473.html,18.10.2022,01.11.2022,"01.09.2023

"
79,https://www.wg-gesucht.de/wg-zimmer-in-Munchen-Obergiesing.9667825.html,18.10.2022,01.12.2022,"01.04.2023

"
80,https://www.wg-gesucht.de/wg-zimmer-in-Munchen-Schwanthalerhoehe.9684785.html,18.10.2022,01.11.2022,"01.03.2023

"
81,https://www.wg-gesucht.de/wg-zimmer-in-Munchen-Moosach.9672733.html,18.10.2022,19.10.2022,"31.12.2024

"
82,https://www.wg-gesucht.de/wg-zimmer-in-Munchen-Moosach.9672717.html,18.10.2022,19.10.2022,"31.12.2024

"
83,https://www.wg-gesucht.de/wohnungen-in-Munchen-Sendling.9339671.html,18.10.2022,08.11.2022,"01.12.2022

"
84,https://www.wg-gesucht.de/wg-zimmer-in-Munchen-Bogenhausen.9658258.html,18.10.2022,18.10.2022,"

"
85,https://housinganywhere.com/de/s/M%C3%BCnchen--Deutschland/wg-zimmer?utm_source=wg-gesucht&utm_medium=affiliate&affiliate_partner_id=32473&utm_campaign=top-placement&utm_content=munich&utm_term=website,19.10.2022,20.10.2022,"

"
86,https://www.wg-gesucht.de/wg-zimmer-in-Munchen-Bogenhausen.7582341.html,18.10.2022,18.10.2022,"31.12.2022

"
87,https://www.wg-gesucht.de/wg-zimmer-in-Munchen-Untergiesing-Harlaching.9687391.html,18.10.2022,02.11.2022,"29.12.2022

"
88,https://www.wg-gesucht.de/wg-zimmer-in-Munchen-Obergiesing-Fasangarten.9687359.html,18.10.2022,01.12.2022,"31.03.2023

"
89,https://www.wg-gesucht.de/wg-zimmer-in-Munchen-Trudering-Riem.9675269.html,18.10.2022,01.11.2022,"

"
90,https://www.wg-gesucht.de/wg-zimmer-in-Munchen-Sendling.9605213.html,18.10.2022,01.11.2022,"

"
91,https://www.wg-gesucht.de/wg-zimmer-in-Munchen-Neuhausen-Nymphenburg.9684282.html,18.10.2022,24.10.2022,"31.01.2023

"
92,https://www.wg-gesucht.de/wg-zimmer-in-Munchen-Milbertshofen-Am-Hart.9548261.html,18.10.2022,18.10.2022,"30.04.2023

"
93,https://www.wg-gesucht.de/wg-zimmer-in-Munchen-Au-Haidhausen.7736778.html,18.10.2022,01.12.2022,"

"
94,https://www.wg-gesucht.de/1-zimmer-wohnungen-in-Munchen-Schwabing-Freimann.9687304.html,18.10.2022,25.10.2022,"

"
95,https://www.wg-gesucht.de/wohnungen-in-Munchen-Obergiesing-Fasangarten.9379623.html,18.10.2022,29.10.2022,"28.02.2023

"
96,https://www.wg-gesucht.de/wg-zimmer-in-Munchen-Schwabing-West.9685946.html,18.10.2022,01.11.2022,"

"
97,https://www.wg-gesucht.de/wg-zimmer-in-Munchen-Trudering-Riem.5742826.html,18.10.2022,01.04.2023,"31.10.2023

"
98,https://www.wg-gesucht.de/wg-zimmer-in-Munchen-Schwabing-West.9680345.html,18.10.2022,01.11.2022,"

"
99,https://www.wg-gesucht.de/wg-zimmer-in-Munchen-Ramersdorf-Perlach.9687201.html,18.10.2022,01.12.2022,"

"
100,https://www.wg-gesucht.de/wg-zimmer-in-Munchen-Neuhausen-Nymphenburg.9434157.html,18.10.2022,24.10.2022,"

"
101,https://www.wg-gesucht.de/wg-zimmer-in-Munchen-Pasing.9577955.html,18.10.2022,01.12.2022,"

"
102,https://www.wg-gesucht.de/wg-zimmer-in-Munchen-Laim.9675890.html,18.10.2022,01.11.2022,"

"
103,https://www.wg-gesucht.de/wg-zimmer-in-Munchen-Obergiesing-Fasangarten.2658893.html,18.10.2022,01.11.2022,"

"
104,https://www.wg-gesucht.de/wg-zimmer-in-Munchen-Schwanthalerhoehe.8582429.html,18.10.2022,01.11.2022,"15.03.2023

"
105,https://www.wg-gesucht.de/wg-zimmer-in-Munchen-Schwabing-West.7350260.html,18.10.2022,18.10.2022,"

"
106,https://housinganywhere.com/de/s/M%C3%BCnchen--Deutschland/wg-zimmer?utm_source=wg-gesucht&utm_medium=affiliate&affiliate_partner_id=32473&utm_campaign=top-placement&utm_content=munich&utm_term=website,19.10.2022,20.10.2022,"

"
107,https://www.wg-gesucht.de/wg-zimmer-in-Munchen-Schwabing-Freimann.9687179.html,18.10.2022,24.10.2022,"31.12.2022

"
108,https://www.wg-gesucht.de/wohnungen-in-Munchen-Sendling.8707837.html,18.10.2022,30.10.2022,"16.12.2022

"
109,https://www.wg-gesucht.de/wg-zimmer-in-Munchen-Englschalking.5317472.html,18.10.2022,17.10.2022,"

"
110,https://www.wg-gesucht.de/1-zimmer-wohnungen-in-Munchen-Ludwigsvorstadt-Isarvorstadt.7960613.html,18.10.2022,01.01.2023,"30.09.2023

"
111,https://www.wg-gesucht.de/wohnungen-in-Munchen-Untergiesing-Harlaching.9087919.html,18.10.2022,03.11.2022,"05.03.2023

"
112,https://www.wg-gesucht.de/wohnungen-in-Munchen-Schwabing-Freimann.7718282.html,18.10.2022,24.10.2022,"12.11.2022

"
113,https://www.wg-gesucht.de/wg-zimmer-in-Munchen-Sendling.9677490.html,18.10.2022,01.11.2022,"01.09.2024

"
114,https://www.wg-gesucht.de/1-zimmer-wohnungen-in-Munchen-Munchen.9680289.html,18.10.2022,15.01.2023,"

"
115,https://www.wg-gesucht.de/wg-zimmer-in-Munchen-Ottobrunn.9054024.html,18.10.2022,01.11.2022,"

"
116,https://www.wg-gesucht.de/1-zimmer-wohnungen-in-Munchen-Thalkirchen-Obersendling-Forstenried-Furstenried-S.6997136.html,18.10.2022,02.11.2022,"16.11.2022

"
117,https://www.wg-gesucht.de/wg-zimmer-in-Munchen-Schwanthalerhoehe.9680061.html,18.10.2022,01.11.2022,"

"
118,https://www.wg-gesucht.de/wg-zimmer-in-Munchen-Ludwigsvorstadt-Isarvorstadt.9663872.html,18.10.2022,18.10.2022,"

"
119,https://www.wg-gesucht.de/wg-zimmer-in-Munchen-Ludwigsvorstadt-Isarvorstadt.9448623.html,18.10.2022,18.10.2022,"

"
120,https://www.wg-gesucht.de/wg-zimmer-in-Munchen-Schwabing-West.7523387.html,18.10.2022,01.11.2022,"20.12.2022

"
121,https://www.wg-gesucht.de/wg-zimmer-in-Munchen-Obergiesing-Fasangarten.7302900.html,18.10.2022,01.11.2022,"

"
122,https://www.wg-gesucht.de/wg-zimmer-in-Munchen-Munchen.9686949.html,18.10.2022,01.11.2022,"

"
123,https://www.wg-gesucht.de/wg-zimmer-in-Munchen-Au-Haidhausen.9246842.html,18.10.2022,01.12.2022,"

"
124,https://www.wg-gesucht.de/wg-zimmer-in-Munchen-Ludwigsvorstadt-Isarvorstadt.9024627.html,18.10.2022,19.12.2022,"05.04.2023

"
125,https://www.wg-gesucht.de/wohnungen-in-Munchen-Kleinhadern.9646321.html,18.10.2022,01.11.2022,"01.10.2024

"
126,https://www.wg-gesucht.de/wg-zimmer-in-Munchen-Karlsfeld.8086080.html,18.10.2022,01.03.2023,"31.08.2023

"
127,https://housinganywhere.com/de/s/M%C3%BCnchen--Deutschland/wg-zimmer?utm_source=wg-gesucht&utm_medium=affiliate&affiliate_partner_id=32473&utm_campaign=top-placement&utm_content=munich&utm_term=website,19.10.2022,20.10.2022,"

"
128,https://www.wg-gesucht.de/wg-zimmer-in-Munchen-Sendling.8645563.html,18.10.2022,01.12.2022,"

"
129,https://www.wg-gesucht.de/wg-zimmer-in-Munchen-Fasernerie.4645811.html,18.10.2022,01.01.2023,"31.12.2023

"
130,https://www.wg-gesucht.de/wg-zimmer-in-Munchen-Bogenhausen.5849504.html,18.10.2022,01.11.2022,"

"
131,https://www.wg-gesucht.de/wg-zimmer-in-Munchen-Au-Haidhausen.7256332.html,18.10.2022,18.10.2022,"15.10.2023

"
132,https://www.wg-gesucht.de/wg-zimmer-in-Munchen-Altstadt-Lehel.7329939.html,18.10.2022,01.12.2022,"

"
133,https://www.wg-gesucht.de/wg-zimmer-in-Munchen-Maxvorstadt.9369914.html,18.10.2022,18.10.2022,"

"
134,https://www.wg-gesucht.de/wg-zimmer-in-Munchen-Altstadt-Lehel.8698008.html,18.10.2022,01.11.2022,"

"
135,https://www.wg-gesucht.de/wg-zimmer-in-Munchen-Bogenhausen.9668674.html,18.10.2022,31.10.2022,"27.11.2022

"
136,https://www.wg-gesucht.de/wohnungen-in-Munchen-Aubing-Lochhausen-Langwied.9683731.html,18.10.2022,01.01.2023,"

"
137,https://www.wg-gesucht.de/wohnungen-in-Munchen-Giesing.9616043.html,18.10.2022,01.11.2022,"30.11.2022

"
138,https://www.wg-gesucht.de/wg-zimmer-in-Munchen-Schwanthalerhoehe.8810365.html,18.10.2022,15.11.2022,"

"
139,https://www.wg-gesucht.de/wg-zimmer-in-Munchen-Neuhausen-Nymphenburg.9685193.html,18.10.2022,01.11.2022,"

"
140,https://www.wg-gesucht.de/wg-zimmer-in-Munchen-Sendling-Westpark.4883976.html,18.10.2022,28.02.2023,"

"
141,https://www.wg-gesucht.de/wg-zimmer-in-Munchen-Neuhausen-Nymphenburg.9675742.html,18.10.2022,01.11.2022,"

"
142,https://www.wg-gesucht.de/wg-zimmer-in-Munchen-Obergiesing.9686684.html,18.10.2022,01.11.2022,"11.12.2022

"
143,https://www.wg-gesucht.de/wg-zimmer-in-Munchen-Munchen.9526196.html,18.10.2022,19.10.2022,"

"
144,https://www.wg-gesucht.de/wg-zimmer-in-Munchen-Au-Haidhausen.9686409.html,18.10.2022,01.11.2022,"

"
145,https://www.wg-gesucht.de/wg-zimmer-in-Munchen-Altstadt-Lehel.3727038.html,18.10.2022,19.10.2022,"

"
146,https://www.wg-gesucht.de/wg-zimmer-in-Munchen-Sendling.4026290.html,18.10.2022,15.11.2022,"

"
147,https://www.wg-gesucht.de/wg-zimmer-in-Munchen-Neuhausen-Nymphenburg.9679248.html,18.10.2022,01.12.2022,"

"
148,https://housinganywhere.com/de/s/M%C3%BCnchen--Deutschland/wg-zimmer?utm_source=wg-gesucht&utm_medium=affiliate&affiliate_partner_id=32473&utm_campaign=top-placement&utm_content=munich&utm_term=website,19.10.2022,20.10.2022,"

"
149,https://www.wg-gesucht.de/wg-zimmer-in-Munchen-Munchen--Untergiesing-Harlaching.9686455.html,18.10.2022,23.10.2022,"31.01.2023

"
150,https://www.wg-gesucht.de/wg-zimmer-in-Munchen-Maxvorstadt.9639075.html,18.10.2022,01.11.2022,"

"
151,https://www.wg-gesucht.de/wg-zimmer-in-Munchen-Feldmoching-Hasenbergl.6469344.html,18.10.2022,18.10.2022,"31.12.2023

"
152,https://www.wg-gesucht.de/wg-zimmer-in-Munchen-Schwabing.4289676.html,18.10.2022,01.01.2023,"01.08.2023

"
153,https://www.wg-gesucht.de/wg-zimmer-in-Munchen-Feldmoching-Hasenbergl.9660596.html,18.10.2022,01.11.2022,"

"
154,https://www.wg-gesucht.de/wg-zimmer-in-Munchen-Bogenhausen.2421302.html,18.10.2022,01.03.2023,"30.06.2023

"
155,https://www.wg-gesucht.de/1-zimmer-wohnungen-in-Munchen-Moosach.9623295.html,18.10.2022,20.10.2022,"31.10.2023

"
156,https://www.wg-gesucht.de/1-zimmer-wohnungen-in-Munchen-Neuhausen-Nymphenburg.9686466.html,18.10.2022,01.11.2022,"

"
157,https://www.wg-gesucht.de/wg-zimmer-in-Munchen-Obermenzing.9686359.html,18.10.2022,01.11.2022,"

"
158,https://www.wg-gesucht.de/wohnungen-in-Munchen-Schwabing-West.9685643.html,18.10.2022,30.10.2022,"19.11.2022

"
159,https://www.wg-gesucht.de/wg-zimmer-in-Munchen-Neuhausen-Nymphenburg.9157719.html,18.10.2022,01.12.2022,"31.01.2023

"
160,https://www.wg-gesucht.de/wg-zimmer-in-Munchen-Ludwigsvorstadt-Isarvorstadt.9669868.html,18.10.2022,01.11.2022,"

"
161,https://www.wg-gesucht.de/wohnungen-in-Munchen-Neuhausen-Nymphenburg.9412351.html,18.10.2022,26.10.2022,"15.01.2023

"
162,https://www.wg-gesucht.de/wg-zimmer-in-Munchen-Neuhausen-Nymphenburg.8635842.html,18.10.2022,01.01.2023,"30.06.2023

"
163,https://www.wg-gesucht.de/wg-zimmer-in-Munchen-Schwanthalerhoehe.9686479.html,18.10.2022,01.12.2022,"

"
164,https://www.wg-gesucht.de/wg-zimmer-in-Munchen-Feldmoching.1353392.html,18.10.2022,01.12.2022,"

"
165,https://www.wg-gesucht.de/wg-zimmer-in-Munchen-Neuhausen-Nymphenburg.9686429.html,18.10.2022,01.11.2022,"30.04.2023

"
166,https://www.wg-gesucht.de/wohnungen-in-Munchen-Aubing.9686395.html,18.10.2022,01.11.2022,"

"
167,https://www.wg-gesucht.de/wg-zimmer-in-Munchen-Untergiesing-Harlaching.4339748.html,18.10.2022,18.10.2022,"15.12.2022

"
168,https://www.wg-gesucht.de/1-zimmer-wohnungen-in-Munchen-Munchen.9680230.html,18.10.2022,01.12.2022,"

"
169,https://housinganywhere.com/de/s/M%C3%BCnchen--Deutschland/wg-zimmer?utm_source=wg-gesucht&utm_medium=affiliate&affiliate_partner_id=32473&utm_campaign=top-placement&utm_content=munich&utm_term=website,19.10.2022,20.10.2022,"

"
170,https://www.wg-gesucht.de/1-zimmer-wohnungen-in-Munchen-Neuhausen-Nymphenburg.8662635.html,18.10.2022,01.03.2023,"01.09.2025

"
171,https://www.wg-gesucht.de/1-zimmer-wohnungen-in-Munchen-Neuhausen-Nymphenburg.8512967.html,18.10.2022,01.03.2023,"30.09.2025

"
172,https://www.wg-gesucht.de/1-zimmer-wohnungen-in-Munchen-Au-Haidhausen.9683677.html,18.10.2022,20.10.2022,"31.10.2023

"
173,https://www.wg-gesucht.de/wg-zimmer-in-Munchen-Lochhausen.9663057.html,18.10.2022,15.11.2022,"

"
174,https://www.wg-gesucht.de/wg-zimmer-in-Munchen-Moosach.9570391.html,18.10.2022,01.11.2022,"

"
175,https://www.wg-gesucht.de/wg-zimmer-in-Munchen-Ludwigsvorstadt-Isarvorstadt.9683480.html,18.10.2022,03.11.2022,"31.08.2025

"
176,https://www.wg-gesucht.de/1-zimmer-wohnungen-in-Munchen-Sendling-Westpark.9291787.html,18.10.2022,15.11.2022,"15.01.2023

"
177,https://www.wg-gesucht.de/wg-zimmer-in-Munchen-Maxvorstadt.6887737.html,18.10.2022,11.11.2022,"30.04.2023

"
178,https://www.wg-gesucht.de/wg-zimmer-in-Munchen-Au-Haidhausen.9379409.html,18.10.2022,01.11.2022,"30.04.2023

"
179,https://www.wg-gesucht.de/wg-zimmer-in-Munchen-Maxvorstadt.9393147.html,18.10.2022,01.01.2023,"31.03.2023

"
180,https://www.wg-gesucht.de/wohnungen-in-Munchen-Schwanthalerhoehe.9663498.html,18.10.2022,05.11.2022,"05.12.2022

"
181,https://www.wg-gesucht.de/1-zimmer-wohnungen-in-Munchen-Trudering-Riem.9680114.html,18.10.2022,02.11.2022,"

"
182,https://www.wg-gesucht.de/wohnungen-in-Munchen-Au-Haidhausen.9652808.html,18.10.2022,01.11.2022,"30.04.2023

"
183,https://www.wg-gesucht.de/wg-zimmer-in-Munchen-Munchen--Untergiesing-Harlaching.9686340.html,18.10.2022,18.10.2022,"01.01.2023

"
184,https://www.wg-gesucht.de/1-zimmer-wohnungen-in-Munchen-Neuhausen-Nymphenburg.9246710.html,18.10.2022,01.01.2023,"24.11.2023

"
185,https://www.wg-gesucht.de/1-zimmer-wohnungen-in-Munchen-Neuhausen-Nymphenburg.9246720.html,18.10.2022,01.01.2023,"02.04.2023

"
186,https://www.wg-gesucht.de/1-zimmer-wohnungen-in-Munchen-Neuhausen-Nymphenburg.9246702.html,18.10.2022,01.01.2023,"31.03.2023

"
187,https://www.wg-gesucht.de/1-zimmer-wohnungen-in-Munchen-Neuhausen-Nymphenburg.8516959.html,18.10.2022,01.01.2023,"13.05.2025

"
188,https://www.wg-gesucht.de/1-zimmer-wohnungen-in-Munchen-Neuhausen-Nymphenburg.8516932.html,18.10.2022,01.03.2023,"28.01.2024

"
189,https://www.wg-gesucht.de/wg-zimmer-in-Munchen-Holzkirchen.1743307.html,18.10.2022,01.11.2022,"

"
190,https://housinganywhere.com/de/s/M%C3%BCnchen--Deutschland/wg-zimmer?utm_source=wg-gesucht&utm_medium=affiliate&affiliate_partner_id=32473&utm_campaign=top-placement&utm_content=munich&utm_term=website,19.10.2022,20.10.2022,"

"
191,https://www.wg-gesucht.de/1-zimmer-wohnungen-in-Munchen-Maxvorstadt.9686278.html,18.10.2022,06.11.2022,"28.02.2023

"
192,https://www.wg-gesucht.de/wg-zimmer-in-Munchen-Blumenau.9677539.html,18.10.2022,31.10.2022,"

"
193,https://www.wg-gesucht.de/wg-zimmer-in-Munchen-Au-Haidhausen.2618135.html,18.10.2022,01.11.2022,"30.03.2023

"
194,https://www.wg-gesucht.de/wg-zimmer-in-Munchen-Au-Haidhausen.3566080.html,18.10.2022,22.10.2022,"30.12.2024

"
195,https://www.wg-gesucht.de/wg-zimmer-in-Munchen-Au-Haidhausen.7038988.html,18.10.2022,01.11.2022,"01.04.2023

"
196,https://www.wg-gesucht.de/1-zimmer-wohnungen-in-Munchen-Schwanthalerhoehe.4767965.html,18.10.2022,01.12.2022,"

"
197,https://www.wg-gesucht.de/1-zimmer-wohnungen-in-Munchen-Bogenhausen.8853936.html,18.10.2022,12.12.2022,"03.01.2023

"
198,https://www.wg-gesucht.de/1-zimmer-wohnungen-in-Munchen-Allach-Untermenzing.9685097.html,18.10.2022,01.12.2022,"07.06.2023

"
199,https://www.wg-gesucht.de/wg-zimmer-in-Munchen-Au-Haidhausen.9506324.html,18.10.2022,18.10.2022,"

"
200,https://www.wg-gesucht.de/wohnungen-in-Munchen-Bogenhausen.9567787.html,18.10.2022,01.12.2022,"

"
201,https://www.wg-gesucht.de/wohnungen-in-Munchen-Pasing-Obermenzing.9679837.html,18.10.2022,19.11.2022,"05.12.2022

"
202,https://www.wg-gesucht.de/wg-zimmer-in-Munchen-Bogenhausen.9391437.html,18.10.2022,05.11.2022,"

"
203,https://www.wg-gesucht.de/wohnungen-in-Munchen-Karlsfeld-im-Norden-von-Munchen.9681306.html,18.10.2022,16.11.2022,"

"
204,https://www.wg-gesucht.de/wohnungen-in-Munchen-Forstenried--Solln.9645724.html,18.10.2022,20.10.2022,"01.02.2023

"
205,https://www.wg-gesucht.de/1-zimmer-wohnungen-in-Munchen-Untergiesing-Harlaching.755628.html,18.10.2022,01.12.2022,"

"
206,https://www.wg-gesucht.de/wg-zimmer-in-Munchen-Moosach.9602373.html,18.10.2022,01.12.2022,"

"
207,https://www.wg-gesucht.de/wg-zimmer-in-Munchen-Pasing-Obermenzing.9682603.html,18.10.2022,01.11.2022,"

"
208,https://www.wg-gesucht.de/wg-zimmer-in-Munchen-Untergiesing-Harlaching.9022594.html,18.10.2022,01.12.2022,"

"
209,https://www.wg-gesucht.de/wohnungen-in-Munchen-Munchen.9685608.html,18.10.2022,05.02.2023,"17.03.2023

"
210,https://www.wg-gesucht.de/wg-zimmer-in-Munchen-Poing-Anzing.6580923.html,18.10.2022,18.10.2022,"

"
211,https://housinganywhere.com/de/s/M%C3%BCnchen--Deutschland/wg-zimmer?utm_source=wg-gesucht&utm_medium=affiliate&affiliate_partner_id=32473&utm_campaign=top-placement&utm_content=munich&utm_term=website,19.10.2022,20.10.2022,"

"
212,https://www.wg-gesucht.de/wg-zimmer-in-Munchen-Sendling.9671850.html,18.10.2022,01.12.2022,"

"
213,https://www.wg-gesucht.de/wg-zimmer-in-Munchen-Schwabing-West.7849461.html,18.10.2022,01.11.2022,"31.03.2023

"
214,https://www.wg-gesucht.de/1-zimmer-wohnungen-in-Munchen-Schwabing-Freimann.8913852.html,18.10.2022,18.10.2022,"16.02.2023

"
215,https://www.wg-gesucht.de/wg-zimmer-in-Munchen-Untergiesing-Harlaching.9413769.html,18.10.2022,01.12.2022,"

"
216,https://www.wg-gesucht.de/wg-zimmer-in-Munchen-Pasing-Obermenzing.8663432.html,17.10.2022,15.01.2023,"15.05.2023

"
217,https://www.wg-gesucht.de/wg-zimmer-in-Munchen-Munchen.9682671.html,17.10.2022,01.11.2022,"17.12.2022

"
218,https://www.wg-gesucht.de/wg-zimmer-in-Munchen-Pasing-Obermenzing.8603067.html,17.10.2022,01.11.2022,"

"
219,https://www.wg-gesucht.de/wg-zimmer-in-Munchen-Trudering-Riem.9682640.html,17.10.2022,01.12.2022,"

"
220,https://www.wg-gesucht.de/wg-zimmer-in-Munchen-Max-Weber-Platz.9566156.html,17.10.2022,31.10.2022,"31.12.2023

"
221,https://www.wg-gesucht.de/wohnungen-in-Munchen-Au-Haidhausen.8988248.html,17.10.2022,25.11.2022,"01.05.2023

"
222,https://www.wg-gesucht.de/wg-zimmer-in-Munchen-Neuhausen-Nymphenburg.9206436.html,17.10.2022,30.10.2022,"25.11.2022

"
223,https://www.wg-gesucht.de/wohnungen-in-Munchen-Bogenhausen.9664015.html,17.10.2022,20.12.2022,"31.01.2023

"
224,https://www.wg-gesucht.de/wg-zimmer-in-Munchen-Pasing-Zentrum.5886916.html,17.10.2022,01.01.2023,"

"
225,https://www.wg-gesucht.de/wohnungen-in-Munchen-Lerchenau.9667393.html,17.10.2022,17.10.2022,"

"
226,https://www.wg-gesucht.de/wg-zimmer-in-Munchen-Thalkirchen-Obersendling-Forstenried-Furstenried-S.9669439.html,17.10.2022,01.12.2022,"

"
227,https://www.wg-gesucht.de/wohnungen-in-Munchen-Lerchenau.9667406.html,17.10.2022,17.10.2022,"

"
228,https://www.wg-gesucht.de/wg-zimmer-in-Munchen-Schwanthalerhoehe.9565923.html,17.10.2022,01.11.2022,"

"
229,https://www.wg-gesucht.de/1-zimmer-wohnungen-in-Munchen-Au-Haidhausen.9685932.html,17.10.2022,01.12.2022,"28.02.2023

"
230,https://www.wg-gesucht.de/wg-zimmer-in-Munchen-Neuhausen-Nymphenburg.9358963.html,17.10.2022,01.11.2022,"

"
231,https://www.wg-gesucht.de/wg-zimmer-in-Munchen-Munchen.9674129.html,17.10.2022,01.01.2023,"

"
232,https://housinganywhere.com/de/s/M%C3%BCnchen--Deutschland/wg-zimmer?utm_source=wg-gesucht&utm_medium=affiliate&affiliate_partner_id=32473&utm_campaign=top-placement&utm_content=munich&utm_term=website,19.10.2022,20.10.2022,"

"
233,https://www.wg-gesucht.de/wg-zimmer-in-Munchen-Trudering-Riem.9685899.html,17.10.2022,01.11.2022,"

"
234,https://www.wg-gesucht.de/wohnungen-in-Munchen-Au-Haidhausen.9684866.html,17.10.2022,26.11.2022,"06.01.2023

"
235,https://www.wg-gesucht.de/wg-zimmer-in-Munchen-Bogenhausen.9639198.html,17.10.2022,01.02.2023,"31.07.2023

"
236,https://www.wg-gesucht.de/1-zimmer-wohnungen-in-Munchen-Milbertshofen-Am-Hart.9685864.html,17.10.2022,01.11.2022,"31.01.2023

"
237,https://www.wg-gesucht.de/wohnungen-in-Munchen-Milbertshofen-Am-Hart.9675913.html,17.10.2022,01.12.2022,"02.01.2023

"
238,https://www.wg-gesucht.de/wg-zimmer-in-Munchen-Steinhausen--Bogenhausen.9685733.html,17.10.2022,01.12.2022,"

"
239,https://www.wg-gesucht.de/wg-zimmer-in-Munchen-Schwabing-West.9685804.html,17.10.2022,06.11.2022,"26.11.2022

"
240,https://www.wg-gesucht.de/wg-zimmer-in-Munchen-Feldmoching-Hasenbergl.9681513.html,17.10.2022,17.10.2022,"

"
241,https://www.wg-gesucht.de/wg-zimmer-in-Munchen-Milbertshofen-Am-Hart.9683685.html,17.10.2022,01.11.2022,"31.01.2023

"
242,https://www.wg-gesucht.de/wg-zimmer-in-Munchen-Schwanthalerhoehe.6012753.html,17.10.2022,17.10.2022,"

"
243,https://www.wg-gesucht.de/wg-zimmer-in-Munchen-Ludwigsvorstadt-Isarvorstadt.8961519.html,17.10.2022,01.12.2022,"

"
244,https://www.wg-gesucht.de/wg-zimmer-in-Munchen-Pasing-Obermenzing.9510791.html,17.10.2022,01.11.2022,"30.04.2023

"
245,https://www.wg-gesucht.de/wg-zimmer-in-Munchen-Laim.9435895.html,17.10.2022,24.10.2022,"30.11.2022

"
246,https://www.wg-gesucht.de/wg-zimmer-in-Munchen-Ludwigsvorstadt-Isarvorstadt.9141870.html,17.10.2022,01.01.2023,"

"
247,https://www.wg-gesucht.de/wg-zimmer-in-Munchen-Schwabing-West.8715882.html,17.10.2022,01.03.2023,"

"
248,https://www.wg-gesucht.de/wg-zimmer-in-Munchen-Garching-b-Munchen.8755537.html,17.10.2022,01.01.2023,"

"
249,https://www.wg-gesucht.de/wg-zimmer-in-Munchen-Ludwigsvorstadt-Isarvorstadt.9685604.html,17.10.2022,01.11.2022,"

"
250,https://www.wg-gesucht.de/wg-zimmer-in-Munchen-Sendling-Westpark.6972764.html,17.10.2022,01.11.2022,"30.04.2023

"
251,https://www.wg-gesucht.de/wohnungen-in-Munchen-Munchen--Haidhausen.9454407.html,17.10.2022,23.10.2022,"06.11.2022

"
252,https://www.wg-gesucht.de/wg-zimmer-in-Munchen-Furstenried-West--Maxhof-U3-Endstation.6540054.html,17.10.2022,01.12.2022,"

"
253,https://housinganywhere.com/de/s/M%C3%BCnchen--Deutschland/wg-zimmer?utm_source=wg-gesucht&utm_medium=affiliate&affiliate_partner_id=32473&utm_campaign=top-placement&utm_content=munich&utm_term=website,19.10.2022,20.10.2022,"

"
254,https://www.wg-gesucht.de/wg-zimmer-in-Munchen-Bogenhausen.9685574.html,17.10.2022,17.10.2022,"

"
255,https://www.wg-gesucht.de/wohnungen-in-Munchen-Ludwigsvorstadt-Isarvorstadt.9685523.html,17.10.2022,19.12.2022,"30.04.2023

"
256,https://www.wg-gesucht.de/wg-zimmer-in-Munchen-Schwabing-West.4513908.html,17.10.2022,17.10.2022,"

"
257,https://www.wg-gesucht.de/wg-zimmer-in-Munchen-Schwabing-West.6201145.html,17.10.2022,17.10.2022,"

"
258,https://www.wg-gesucht.de/wg-zimmer-in-Munchen-Sendling.9304048.html,17.10.2022,15.11.2022,"

"
259,https://www.wg-gesucht.de/wohnungen-in-Munchen-Schwabing.9685534.html,17.10.2022,01.01.2023,"01.03.2028

"
260,https://www.wg-gesucht.de/wg-zimmer-in-Munchen-Sendling-Westpark.9653082.html,17.10.2022,01.11.2022,"

"
261,https://www.wg-gesucht.de/1-zimmer-wohnungen-in-Munchen-Munich.9674505.html,17.10.2022,01.11.2022,"01.04.2023

"
262,https://www.wg-gesucht.de/wg-zimmer-in-Munchen-Feldmoching.9685225.html,17.10.2022,01.11.2022,"

"
263,https://www.wg-gesucht.de/wohnungen-in-Munchen-Schwabing-West.9684832.html,17.10.2022,31.12.2022,"31.03.2023

"
264,https://www.wg-gesucht.de/wg-zimmer-in-Munchen-Schwabing-West.8912080.html,17.10.2022,15.11.2022,"15.02.2023

"
265,https://www.wg-gesucht.de/wg-zimmer-in-Munchen-Neuhausen-Nymphenburg.9685322.html,17.10.2022,01.11.2022,"30.11.2022

"
266,https://www.wg-gesucht.de/wg-zimmer-in-Munchen-Schwabing-West.9685448.html,17.10.2022,01.11.2022,"01.07.2023

"
267,https://www.wg-gesucht.de/wg-zimmer-in-Munchen-Schwanthalerhoehe.9676353.html,17.10.2022,01.11.2022,"

"
268,https://www.wg-gesucht.de/wg-zimmer-in-Munchen-Au-Haidhausen.5836587.html,17.10.2022,01.11.2022,"

"
269,https://www.wg-gesucht.de/wg-zimmer-in-Munchen-Bogenhausen.9041081.html,17.10.2022,01.12.2022,"

"
270,https://www.wg-gesucht.de/wg-zimmer-in-Munchen-Hadern.9685274.html,17.10.2022,15.12.2022,"

"
271,https://www.wg-gesucht.de/wg-zimmer-in-Munchen-Sendling.9220709.html,17.10.2022,16.12.2022,"

"
272,https://www.wg-gesucht.de/wg-zimmer-in-Munchen-Laim.7963860.html,17.10.2022,01.12.2022,"

"
273,https://www.wg-gesucht.de/wg-zimmer-in-Munchen-Schwabing-Freimann.9580814.html,17.10.2022,15.11.2022,"

"
274,https://housinganywhere.com/de/s/M%C3%BCnchen--Deutschland/wg-zimmer?utm_source=wg-gesucht&utm_medium=affiliate&affiliate_partner_id=32473&utm_campaign=top-placement&utm_content=munich&utm_term=website,19.10.2022,20.10.2022,"

"
275,https://www.wg-gesucht.de/1-zimmer-wohnungen-in-Munchen-Sendling.9234201.html,17.10.2022,22.12.2022,"31.07.2023

"
276,https://www.wg-gesucht.de/1-zimmer-wohnungen-in-Munchen-Bogenhausen.9685213.html,17.10.2022,15.11.2022,"

"
277,https://www.wg-gesucht.de/1-zimmer-wohnungen-in-Munchen-Neuhausen-Nymphenburg.8533736.html,17.10.2022,26.10.2022,"05.11.2022

"
278,https://www.wg-gesucht.de/wohnungen-in-Munchen-Maxvorstadt.9514089.html,17.10.2022,01.11.2022,"31.12.2022

"
279,https://www.wg-gesucht.de/wg-zimmer-in-Munchen-Ludwigsvorstadt-Isarvorstadt.9173105.html,17.10.2022,22.10.2022,"30.10.2022

"
280,https://www.wg-gesucht.de/wg-zimmer-in-Munchen-Neuhausen-Nymphenburg.9685086.html,17.10.2022,01.12.2022,"31.01.2023

"
281,https://www.wg-gesucht.de/wg-zimmer-in-Munchen-Neuhausen-Nymphenburg.9685104.html,17.10.2022,17.10.2022,"

"
282,https://www.wg-gesucht.de/wg-zimmer-in-Munchen-Au-Haidhausen.9683474.html,17.10.2022,01.11.2022,"15.01.2023

"
283,https://www.wg-gesucht.de/1-zimmer-wohnungen-in-Munchen-Munchen.9685103.html,17.10.2022,13.11.2022,"24.01.2023

"
284,https://www.wg-gesucht.de/wohnungen-in-Munchen-Glockenbachviertel.9685022.html,17.10.2022,15.11.2022,"12.02.2023

"
285,https://www.wg-gesucht.de/wg-zimmer-in-Munchen-Ludwigsvorstadt-Isarvorstadt.8319580.html,17.10.2022,01.12.2022,"31.08.2024

"
286,https://www.wg-gesucht.de/wg-zimmer-in-Munchen-Ludwigsvorstadt-Isarvorstadt.1159604.html,17.10.2022,01.11.2022,"30.09.2024

"
287,https://www.wg-gesucht.de/wohnungen-in-Munchen-Neuhausen-Nymphenburg.7636114.html,17.10.2022,24.12.2022,"29.01.2023

"
288,https://www.wg-gesucht.de/wg-zimmer-in-Munchen-Schwabing-Freimann.9685000.html,17.10.2022,15.10.2022,"30.09.2023

"
289,https://www.wg-gesucht.de/wg-zimmer-in-Munchen-Au-Haidhausen.9684568.html,17.10.2022,07.11.2022,"

"
290,https://www.wg-gesucht.de/wg-zimmer-in-Munchen-Obergiesing-Fasangarten.9527968.html,17.10.2022,01.11.2022,"31.12.2022

"
291,https://www.wg-gesucht.de/wg-zimmer-in-Munchen-Munchen.9684905.html,17.10.2022,01.11.2022,"

"
292,https://www.wg-gesucht.de/wg-zimmer-in-Munchen-Bogenhausen.9677910.html,17.10.2022,01.11.2022,"01.12.2022

"
293,https://www.wg-gesucht.de/wg-zimmer-in-Munchen-Grohadern.9665236.html,17.10.2022,01.12.2022,"

"
294,https://www.wg-gesucht.de/wg-zimmer-in-Munchen-Maxvorstadt.9679732.html,17.10.2022,01.11.2022,"01.04.2023

"
295,https://housinganywhere.com/de/s/M%C3%BCnchen--Deutschland/wg-zimmer?utm_source=wg-gesucht&utm_medium=affiliate&affiliate_partner_id=32473&utm_campaign=top-placement&utm_content=munich&utm_term=website,19.10.2022,20.10.2022,"

"
296,https://www.wg-gesucht.de/1-zimmer-wohnungen-in-Munchen-Engelschalking.9684417.html,17.10.2022,01.11.2022,"

"
297,https://www.wg-gesucht.de/wohnungen-in-Munchen-Laim.9684667.html,17.10.2022,15.11.2022,"

"
298,https://www.wg-gesucht.de/wg-zimmer-in-Munchen-Au-Haidhausen.9681728.html,17.10.2022,01.12.2022,"

"
299,https://www.wg-gesucht.de/wg-zimmer-in-Munchen-Au-Haidhausen.9681608.html,17.10.2022,01.12.2022,"

"
300,https://www.wg-gesucht.de/wg-zimmer-in-Munchen-Ludwigsvorstadt-Isarvorstadt.9648035.html,17.10.2022,17.10.2022,"15.04.2023

"
301,https://www.wg-gesucht.de/wohnungen-in-Munchen-Maxvorstadt.9684682.html,17.10.2022,04.12.2022,"22.12.2022

"
302,https://www.wg-gesucht.de/wg-zimmer-in-Munchen-Ludwigsvorstadt-Isarvorstadt.9666038.html,17.10.2022,01.11.2022,"

"
303,https://www.wg-gesucht.de/wg-zimmer-in-Munchen-Maxvorstadt.9684466.html,17.10.2022,01.11.2022,"31.01.2023

"
304,https://www.wg-gesucht.de/wg-zimmer-in-Munchen-Moosach.8503225.html,17.10.2022,01.12.2022,"

"
305,https://www.wg-gesucht.de/wg-zimmer-in-Munchen-Pullach.8988791.html,17.10.2022,01.01.2023,"

"
306,https://www.wg-gesucht.de/wg-zimmer-in-Munchen-Neuhausen-Nymphenburg.9667084.html,17.10.2022,01.11.2022,"

"
307,https://www.wg-gesucht.de/wg-zimmer-in-Munchen-Altstadt-Lehel.9684543.html,17.10.2022,15.01.2023,"

"
308,https://www.wg-gesucht.de/wohnungen-in-Munchen-Maxvorstadt.9668895.html,17.10.2022,01.12.2022,"01.05.2023

"
309,https://www.wg-gesucht.de/wg-zimmer-in-Munchen-Au-Haidhausen.3262745.html,17.10.2022,01.11.2022,"31.12.2022

"
310,https://www.wg-gesucht.de/wohnungen-in-Munchen-Munchen.9684440.html,17.10.2022,22.10.2022,"

"
311,https://www.wg-gesucht.de/wg-zimmer-in-Munchen-Thalkirchen-Obersendling-Forstenried-Furstenried-S.7678236.html,17.10.2022,01.12.2022,"

"
312,https://www.wg-gesucht.de/1-zimmer-wohnungen-in-Munchen-Schwabing-West.9684505.html,17.10.2022,01.11.2022,"30.11.2022

"
313,https://www.wg-gesucht.de/wg-zimmer-in-Munchen-Maxvorstadt.7885502.html,17.10.2022,01.01.2023,"

"
314,https://www.wg-gesucht.de/wohnungen-in-Munchen-Schwabing-West.9007911.html,17.10.2022,15.12.2022,"28.02.2023

"
315,https://www.wg-gesucht.de/wg-zimmer-in-Munchen-Milbertshofen-Am-Hart.9328285.html,17.10.2022,21.11.2022,"10.03.2023

"
316,https://housinganywhere.com/de/s/M%C3%BCnchen--Deutschland/wg-zimmer?utm_source=wg-gesucht&utm_medium=affiliate&affiliate_partner_id=32473&utm_campaign=top-placement&utm_content=munich&utm_term=website,19.10.2022,20.10.2022,"

"
317,https://www.wg-gesucht.de/wg-zimmer-in-Munchen-Maxvorstadt.9684378.html,17.10.2022,01.11.2022,"15.11.2022

"
318,https://www.wg-gesucht.de/wg-zimmer-in-Munchen-Ludwigsvorstadt-Isarvorstadt.8026845.html,17.10.2022,01.11.2022,"31.05.2023

"
319,https://www.wg-gesucht.de/wg-zimmer-in-Munchen-Ludwigsvorstadt-Isarvorstadt.5753722.html,17.10.2022,01.11.2022,"31.05.2023

"
320,https://www.wg-gesucht.de/wg-zimmer-in-Munchen-Allach-Untermenzing.6939770.html,17.10.2022,17.10.2022,"

"
321,https://www.wg-gesucht.de/wg-zimmer-in-Munchen-Maxvorstadt.9684372.html,17.10.2022,01.11.2022,"

"
322,https://www.wg-gesucht.de/wohnungen-in-Munchen-Maxvorstadt.9684191.html,17.10.2022,02.12.2022,"31.01.2023

"
323,https://www.wg-gesucht.de/wg-zimmer-in-Munchen-Au-Haidhausen.9684339.html,17.10.2022,24.10.2022,"

"
324,https://www.wg-gesucht.de/wohnungen-in-Munchen-Obergiesing-Fasangarten.9645943.html,17.10.2022,12.12.2022,"16.06.2023

"
325,https://www.wg-gesucht.de/wg-zimmer-in-Munchen-Neuhausen-Nymphenburg.6362444.html,17.10.2022,01.11.2022,"

"
326,https://www.wg-gesucht.de/wg-zimmer-in-Munchen-Schwabing-West.9684316.html,17.10.2022,25.11.2022,"27.01.2023

"
327,https://www.wg-gesucht.de/wg-zimmer-in-Munchen-Schwabing-Freimann.7335451.html,17.10.2022,01.12.2022,"

"
328,https://www.wg-gesucht.de/wg-zimmer-in-Munchen-Ludwigsvorstadt-Isarvorstadt.9678860.html,17.10.2022,01.11.2022,"

"
329,https://www.wg-gesucht.de/1-zimmer-wohnungen-in-Munchen-Sendling.7296333.html,17.10.2022,01.01.2023,"31.12.2023

"
330,https://www.wg-gesucht.de/wohnungen-in-Munchen-Gaertnerplatzviertel.9684268.html,17.10.2022,01.12.2022,"28.02.2023

"
331,https://www.wg-gesucht.de/wohnungen-in-Munchen-Maxvorstadt.3929044.html,17.10.2022,01.11.2022,"01.05.2024

"
332,https://www.wg-gesucht.de/wg-zimmer-in-Munchen-Neuhausen-Nymphenburg.8739411.html,17.10.2022,15.11.2022,"

"
333,https://www.wg-gesucht.de/wg-zimmer-in-Munchen-Trudering-Riem.1171993.html,17.10.2022,01.01.2023,"01.06.2023

"
334,https://www.wg-gesucht.de/wohnungen-in-Munchen-Bogenhausen.9547356.html,17.10.2022,01.11.2022,"23.03.2023

"
335,https://www.wg-gesucht.de/wg-zimmer-in-Munchen-Neuhausen-Nymphenburg.8358279.html,17.10.2022,17.10.2022,"15.11.2022

"
336,https://www.wg-gesucht.de/wg-zimmer-in-Munchen-Moosach.3567642.html,17.10.2022,01.11.2022,"

"
337,https://housinganywhere.com/de/s/M%C3%BCnchen--Deutschland/wg-zimmer?utm_source=wg-gesucht&utm_medium=affiliate&affiliate_partner_id=32473&utm_campaign=top-placement&utm_content=munich&utm_term=website,19.10.2022,20.10.2022,"

"
338,https://www.wg-gesucht.de/wohnungen-in-Munchen-Altstadt-Lehel.9681314.html,17.10.2022,01.11.2022,"30.12.2023

"
339,https://www.wg-gesucht.de/wg-zimmer-in-Munchen-Thalkirchen-Obersendling-Forstenried-Furstenried-S.8492188.html,16.10.2022,01.12.2022,"

"
340,https://www.wg-gesucht.de/wg-zimmer-in-Munchen-Maxvorstadt.9678692.html,16.10.2022,01.11.2022,"

"
341,https://www.wg-gesucht.de/wohnungen-in-Munchen-Ludwigsvorstadt-Isarvorstadt.9675712.html,16.10.2022,28.10.2022,"24.11.2022

"
342,https://www.wg-gesucht.de/wohnungen-in-Munchen-Messestadt.9683979.html,16.10.2022,01.11.2022,"

"
343,https://www.wg-gesucht.de/wg-zimmer-in-Munchen-Altstadt-Lehel.9679213.html,16.10.2022,01.11.2022,"

"
344,https://www.wg-gesucht.de/wg-zimmer-in-Munchen-Altstadt-Lehel.9679196.html,16.10.2022,01.11.2022,"

"
345,https://www.wg-gesucht.de/wohnungen-in-Munchen-Schwabing-West.9683982.html,16.10.2022,01.11.2022,"31.01.2023

"
346,https://www.wg-gesucht.de/wg-zimmer-in-Munchen-Altstadt-Lehel.9679032.html,16.10.2022,01.11.2022,"

"
347,https://www.wg-gesucht.de/wg-zimmer-in-Munchen-Neuhausen-Nymphenburg.9173290.html,16.10.2022,15.11.2022,"

"
348,https://www.wg-gesucht.de/wohnungen-in-Munchen-Neuhausen-Nymphenburg.9683975.html,16.10.2022,29.10.2022,"20.11.2022

"
349,https://www.wg-gesucht.de/wg-zimmer-in-Munchen-Maxvorstadt.8938539.html,16.10.2022,01.12.2022,"

"
350,https://www.wg-gesucht.de/wg-zimmer-in-Munchen-Puchheim.8715146.html,16.10.2022,01.01.2023,"31.12.2024

"
351,https://www.wg-gesucht.de/wg-zimmer-in-Munchen-Pasing-Obermenzing.6525470.html,16.10.2022,30.10.2022,"31.12.2029

"
352,https://www.wg-gesucht.de/wohnungen-in-Munchen-Altstadt-Lehel.8748521.html,16.10.2022,09.11.2022,"09.12.2022

"
353,https://www.wg-gesucht.de/wg-zimmer-in-Munchen-sudlich-von-Munchen.6445046.html,16.10.2022,01.11.2022,"

"
354,https://www.wg-gesucht.de/wg-zimmer-in-Munchen-Neuhausen-Nymphenburg.9683815.html,16.10.2022,17.10.2022,"31.03.2023

"
355,https://www.wg-gesucht.de/wg-zimmer-in-Munchen-Ludwigsvorstadt-Isarvorstadt.8477723.html,16.10.2022,15.11.2022,"

"
356,https://www.wg-gesucht.de/wg-zimmer-in-Munchen-Munchen.9682151.html,16.10.2022,18.10.2022,"04.01.2023

"
357,https://www.wg-gesucht.de/wg-zimmer-in-Munchen-Munchen.9683223.html,16.10.2022,15.11.2022,"

"
358,https://housinganywhere.com/de/s/M%C3%BCnchen--Deutschland/wg-zimmer?utm_source=wg-gesucht&utm_medium=affiliate&affiliate_partner_id=32473&utm_campaign=top-placement&utm_content=munich&utm_term=website,19.10.2022,20.10.2022,"

"
359,https://www.wg-gesucht.de/wg-zimmer-in-Munchen-Au-Haidhausen.6466772.html,16.10.2022,01.01.2023,"31.03.2023

"
360,https://www.wg-gesucht.de/wg-zimmer-in-Munchen-Thalkirchen-Obersendling-Forstenried-Furstenried-S.9391648.html,16.10.2022,01.11.2022,"30.04.2023

"
361,https://www.wg-gesucht.de/wg-zimmer-in-Munchen-Moosach.9682547.html,16.10.2022,01.11.2022,"

"
362,https://www.wg-gesucht.de/wg-zimmer-in-Munchen-Trudering-Riem.9592269.html,16.10.2022,01.11.2022,"31.03.2023

"
363,https://www.wg-gesucht.de/wg-zimmer-in-Munchen-Allach-Untermenzing.9683725.html,16.10.2022,01.11.2022,"

"
364,https://www.wg-gesucht.de/1-zimmer-wohnungen-in-Munchen-Sendling-Westpark.9364886.html,16.10.2022,28.10.2022,"28.11.2022

"
365,https://www.wg-gesucht.de/wg-zimmer-in-Munchen-Sendling.8978836.html,16.10.2022,15.11.2022,"

"
366,https://www.wg-gesucht.de/wg-zimmer-in-Munchen-Altstadt-Lehel.9669105.html,16.10.2022,01.12.2022,"15.01.2023

"
367,https://www.wg-gesucht.de/wohnungen-in-Munchen-Schwanthalerhoehe.5735990.html,16.10.2022,20.11.2022,"31.12.2022

"
368,https://www.wg-gesucht.de/wg-zimmer-in-Munchen-Milbertshofen-Am-Hart.9683569.html,16.10.2022,01.11.2022,"

"
369,https://www.wg-gesucht.de/wg-zimmer-in-Munchen-Schwanthalerhoehe.9396313.html,16.10.2022,27.10.2022,"27.11.2022

"
370,https://www.wg-gesucht.de/wg-zimmer-in-Munchen-Maxvorstadt.9683514.html,16.10.2022,01.12.2022,"28.02.2023

"
371,https://www.wg-gesucht.de/wohnungen-in-Munchen-Pasing-Obermenzing.9680338.html,16.10.2022,01.11.2022,"15.02.2023

"
372,https://www.wg-gesucht.de/wg-zimmer-in-Munchen-Ludwigsvorstadt-Isarvorstadt.9308946.html,16.10.2022,01.12.2022,"

"
373,https://www.wg-gesucht.de/wohnungen-in-Munchen-Moosach.8703105.html,16.10.2022,09.12.2022,"25.01.2023

"
374,https://www.wg-gesucht.de/wohnungen-in-Munchen-Giesing-Ramersdorf.9683401.html,16.10.2022,31.10.2022,"02.12.2022

"
375,https://www.wg-gesucht.de/wohnungen-in-Munchen-Bogenhausen.9683486.html,16.10.2022,01.11.2022,"31.10.2024

"
376,https://www.wg-gesucht.de/wg-zimmer-in-Munchen-Thalkirchen-Obersendling-Forstenried-Furstenried-S.9120863.html,16.10.2022,16.10.2022,"

"
377,https://www.wg-gesucht.de/wg-zimmer-in-Munchen-Au-Haidhausen.8514729.html,16.10.2022,22.10.2022,"

"
378,https://www.wg-gesucht.de/wohnungen-in-Munchen-Sendling.8385176.html,16.10.2022,27.10.2022,"31.12.2022

"
379,https://housinganywhere.com/de/s/M%C3%BCnchen--Deutschland/wg-zimmer?utm_source=wg-gesucht&utm_medium=affiliate&affiliate_partner_id=32473&utm_campaign=top-placement&utm_content=munich&utm_term=website,19.10.2022,20.10.2022,"

"
380,https://www.wg-gesucht.de/wg-zimmer-in-Munchen-Au-Haidhausen.9683288.html,16.10.2022,16.10.2022,"

"
381,https://www.wg-gesucht.de/wohnungen-in-Munchen-Obergiesing-Fasangarten.9683342.html,16.10.2022,01.11.2022,"31.12.2022

"
382,https://www.wg-gesucht.de/wohnungen-in-Munchen-Muenchen-Nord-LerchenauerSee.2996282.html,16.10.2022,01.11.2022,"30.04.2023

"
383,https://www.wg-gesucht.de/wg-zimmer-in-Munchen-Universitaet.8348315.html,16.10.2022,01.11.2022,"

"
384,https://www.wg-gesucht.de/wohnungen-in-Munchen-Berg-am-Laim.9683239.html,16.10.2022,22.10.2022,"30.11.2022

"
385,https://www.wg-gesucht.de/wohnungen-in-Munchen-Gartenstadt-Trudering.9679283.html,16.10.2022,22.10.2022,"30.11.2022

"
386,https://www.wg-gesucht.de/wg-zimmer-in-Munchen-Schwanthalerhoehe.2668793.html,16.10.2022,01.11.2022,"

"
387,https://www.wg-gesucht.de/wg-zimmer-in-Munchen-Schwabing-West.8993628.html,16.10.2022,01.11.2022,"01.05.2023

"
388,https://www.wg-gesucht.de/wg-zimmer-in-Munchen-Obergiesing-Fasangarten.9679959.html,16.10.2022,01.11.2022,"

"
389,https://www.wg-gesucht.de/wg-zimmer-in-Munchen-Altstadt-Lehel.8731725.html,16.10.2022,28.10.2022,"30.11.2022

"
390,https://www.wg-gesucht.de/wg-zimmer-in-Munchen-Pasing-Obermenzing.9682915.html,16.10.2022,16.10.2022,"

"
391,https://www.wg-gesucht.de/wg-zimmer-in-Munchen-Au-Haidhausen.9665767.html,16.10.2022,01.11.2022,"31.03.2023

"
392,https://www.wg-gesucht.de/wg-zimmer-in-Munchen-Pasing-Obermenzing.9682688.html,16.10.2022,16.10.2022,"01.12.2022

"
393,https://www.wg-gesucht.de/1-zimmer-wohnungen-in-Munchen-Ludwigsvorstadt-Isarvorstadt.9339741.html,16.10.2022,01.12.2022,"30.06.2023

"
394,https://www.wg-gesucht.de/wg-zimmer-in-Munchen-Au-Haidhausen.8206941.html,16.10.2022,01.11.2022,"

"
395,https://www.wg-gesucht.de/wg-zimmer-in-Munchen-Schwabing-West.8971855.html,16.10.2022,15.11.2022,"28.02.2023

"
396,https://www.wg-gesucht.de/wg-zimmer-in-Munchen-Sendling-Westpark.9682831.html,16.10.2022,02.01.2023,"28.02.2023

"
397,https://www.wg-gesucht.de/wg-zimmer-in-Munchen-Hadern.9682839.html,16.10.2022,01.11.2022,"

"
398,https://www.wg-gesucht.de/wg-zimmer-in-Munchen-Maxvorstadt.8834024.html,16.10.2022,01.11.2022,"

"
399,https://www.wg-gesucht.de/wg-zimmer-in-Munchen-Obergiesing-Fasangarten.9394345.html,16.10.2022,15.02.2023,"

"
400,https://housinganywhere.com/de/s/M%C3%BCnchen--Deutschland/wg-zimmer?utm_source=wg-gesucht&utm_medium=affiliate&affiliate_partner_id=32473&utm_campaign=top-placement&utm_content=munich&utm_term=website,19.10.2022,20.10.2022,"

"
401,https://www.wg-gesucht.de/wg-zimmer-in-Munchen-Bogenhausen.9682665.html,16.10.2022,03.11.2022,"

"
402,https://www.wg-gesucht.de/wg-zimmer-in-Munchen-Bogenhausen.9682173.html,16.10.2022,01.11.2022,"31.12.2022

"
403,https://www.wg-gesucht.de/wg-zimmer-in-Munchen-Untergiesing-Harlaching.1811249.html,16.10.2022,01.11.2022,"

"
404,https://www.wg-gesucht.de/1-zimmer-wohnungen-in-Munchen-Schwabing-Freimann.7616040.html,16.10.2022,04.01.2023,"31.12.2024

"
405,https://www.wg-gesucht.de/wohnungen-in-Munchen-Ludwigsvorstadt-Isarvorstadt.8783927.html,16.10.2022,14.11.2022,"20.12.2022

"
406,https://www.wg-gesucht.de/wohnungen-in-Munchen-Laim.9682570.html,16.10.2022,01.11.2022,"01.11.2023

"
407,https://www.wg-gesucht.de/wg-zimmer-in-Munchen-Glockenbachviertel.9681488.html,16.10.2022,01.12.2022,"

"
408,https://www.wg-gesucht.de/wg-zimmer-in-Munchen-Berg-am-Laim.9670688.html,16.10.2022,01.12.2022,"

"
409,https://www.wg-gesucht.de/wohnungen-in-Munchen-Bogenhausen.9682566.html,16.10.2022,05.11.2022,"30.11.2022

"
410,https://www.wg-gesucht.de/wg-zimmer-in-Munchen-Neuhausen-Nymphenburg.9675679.html,16.10.2022,04.12.2022,"04.01.2023

"
411,https://www.wg-gesucht.de/1-zimmer-wohnungen-in-Munchen-Thalkirchen-Obersendling-Forstenried-Furstenried-S.9546573.html,16.10.2022,01.11.2022,"10.02.2023

"
412,https://www.wg-gesucht.de/wg-zimmer-in-Munchen-Schwabing-West.9558885.html,16.10.2022,01.11.2022,"

"
413,https://www.wg-gesucht.de/wohnungen-in-Munchen-Milbertshofen.9651555.html,16.10.2022,01.02.2023,"

"
414,https://www.wg-gesucht.de/wg-zimmer-in-Munchen-Berg-am-Laim.9673302.html,16.10.2022,01.12.2022,"

"
415,https://www.wg-gesucht.de/wg-zimmer-in-Munchen-Pasing-Obermenzing.9675415.html,16.10.2022,01.11.2022,"

"
416,https://www.wg-gesucht.de/1-zimmer-wohnungen-in-Munchen-Neuhausen-Nymphenburg.6547325.html,16.10.2022,01.12.2022,"25.03.2023

"
417,https://www.wg-gesucht.de/wg-zimmer-in-Munchen-Schwabing-West.9678944.html,16.10.2022,15.11.2022,"

"
418,https://www.wg-gesucht.de/wg-zimmer-in-Munchen-Untergiesing-Harlaching.9682396.html,16.10.2022,01.11.2022,"30.04.2023

"
419,https://www.wg-gesucht.de/wg-zimmer-in-Munchen-Maxvorstadt.9442821.html,16.10.2022,05.11.2022,"30.06.2023

"
